{
  "count": 191,
  "uniques": 86,
  "clones": [
    {
      "timestamp": "2021-08-04T00:00:00Z",
      "count": 5,
      "uniques": 5
    },
    {
      "timestamp": "2021-08-05T00:00:00Z",
      "count": 7,
      "uniques": 5
    },
    {
      "timestamp": "2021-08-06T00:00:00Z",
      "count": 10,
      "uniques": 8
    },
    {
      "timestamp": "2021-08-07T00:00:00Z",
      "count": 10,
      "uniques": 8
    },
    {
      "timestamp": "2021-08-08T00:00:00Z",
      "count": 15,
      "uniques": 8
    },
    {
      "timestamp": "2021-08-09T00:00:00Z",
      "count": 49,
      "uniques": 26
    },
    {
      "timestamp": "2021-08-10T00:00:00Z",
      "count": 9,
      "uniques": 7
    },
    {
      "timestamp": "2021-08-11T00:00:00Z",
      "count": 9,
      "uniques": 6
    },
    {
      "timestamp": "2021-08-12T00:00:00Z",
      "count": 7,
      "uniques": 5
    },
    {
      "timestamp": "2021-08-13T00:00:00Z",
      "count": 14,
      "uniques": 10
    },
    {
      "timestamp": "2021-08-14T00:00:00Z",
      "count": 9,
      "uniques": 6
    },
    {
      "timestamp": "2021-08-15T00:00:00Z",
      "count": 16,
      "uniques": 10
    },
    {
      "timestamp": "2021-08-16T00:00:00Z",
      "count": 13,
      "uniques": 8
    },
    {
      "timestamp": "2021-08-17T00:00:00Z",
      "count": 14,
      "uniques": 7
    },
    {
      "timestamp": "2021-08-18T00:00:00Z",
      "count": 4,
      "uniques": 3
    }
  ]
}
